<?xml version="1.0" encoding="UTF-8"?>
<project-private xmlns="http://www.netbeans.org/ns/project-private/1">
    <editor-bookmarks xmlns="http://www.netbeans.org/ns/editor-bookmarks/2" lastBookmarkId="0"/>
    <open-files xmlns="http://www.netbeans.org/ns/projectui-open-files/2">
        <group>
            <file>file:/Users/nsholebenjamin/Documents/SchoolApp/src/Controller/RapportsController.java</file>
            <file>file:/Users/nsholebenjamin/Documents/SchoolApp/src/Controller/FenêtrePrincipaleController.java</file>
            <file>file:/Users/nsholebenjamin/Documents/SchoolApp/src/Controller/ElevesController.java</file>
            <file>file:/Users/nsholebenjamin/Documents/SchoolApp/src/Views/Enregistrement.fxml</file>
            <file>file:/Users/nsholebenjamin/Documents/SchoolApp/src/Controller/AdministrationController.java</file>
        </group>
    </open-files>
</project-private>
